,count,mean,std,min,25%,50%,75%,max
age,2139.0,35.24824684431977,8.70902623400872,12.0,29.0,34.0,40.0,70.0
wtkg,2139.0,75.12531051893409,13.263164003518359,31.0,66.6792,74.3904,82.5552,159.93936
cd40,2139.0,350.5011687704535,118.57386252156309,0.0,263.5,340.0,423.0,1199.0
cd420,2139.0,371.3071528751753,144.63490891153165,49.0,269.0,353.0,460.0,1119.0
cd496,1342.0,328.57078986587186,174.65615260925543,0.0,209.25,321.0,440.0,1190.0
