variable,age,wtkg,cd40,cd420,cd496
age,1.0,0.151816646849143,-0.04003396359809793,-0.04986641458451257,-0.019500633453549094
wtkg,0.151816646849143,1.0,0.0474552672569389,0.03192548183872741,0.07066068466704756
cd40,-0.04003396359809793,0.0474552672569389,1.0,0.6200020385418676,0.5571459195284332
cd420,-0.04986641458451257,0.03192548183872741,0.6200020385418676,1.0,0.66901020152516
cd496,-0.019500633453549094,0.07066068466704756,0.5571459195284332,0.66901020152516,1.0
