metric,original,anonymized_age10
AUC,0.8201114435172064,0.8200886999422663
Brier,0.17358210246805758,0.17361225472906078
