age_band_10y,n_orig,rate_orig,n_anon,rate_anon,delta_pct_points
10,40,0.475,40,0.475,0.0
20,522,0.5363984674329502,522,0.5363984674329502,0.0
30,993,0.5125881168177241,993,0.5125881168177241,0.0
40,461,0.4880694143167028,461,0.4880694143167028,0.0
50,94,0.46808510638297873,94,0.46808510638297873,0.0
60,27,0.5925925925925926,27,0.5925925925925926,0.0
70,2,1.0,2,1.0,0.0
